timestamp,close
2021-03-12 18:40:00,2050.0000
2021-03-12 17:05:00,2049.7300
2021-03-12 16:55:00,2049.6300
2021-03-12 16:45:00,2050.1000
2021-03-12 16:40:00,2051.0000
2021-03-12 16:20:00,2050.0000
2021-03-12 16:15:00,2048.4400
2021-03-12 16:10:00,2050.0000
2021-03-12 16:05:00,2050.0000
2021-03-12 16:00:00,2049.9700
2021-03-12 15:55:00,2047.0200
2021-03-12 15:50:00,2053.4100
2021-03-12 15:45:00,2052.4900
2021-03-12 15:40:00,2053.9500
2021-03-12 15:35:00,2048.6500
2021-03-12 15:30:00,2047.7900
2021-03-12 15:25:00,2048.6300
2021-03-12 15:20:00,2046.1650
2021-03-12 15:15:00,2045.2100
2021-03-12 15:10:00,2043.3650
2021-03-12 15:05:00,2043.7700
2021-03-12 15:00:00,2046.0800
2021-03-12 14:55:00,2048.0000
2021-03-12 14:50:00,2045.2200
2021-03-12 14:45:00,2045.2600
2021-03-12 14:40:00,2040.5750
2021-03-12 14:35:00,2039.7650
2021-03-12 14:30:00,2042.6950
2021-03-12 14:25:00,2040.6250
2021-03-12 14:20:00,2041.9350
2021-03-12 14:15:00,2042.7110
2021-03-12 14:10:00,2043.4700
2021-03-12 14:05:00,2039.9600
2021-03-12 14:00:00,2041.8600
2021-03-12 13:55:00,2043.3200
2021-03-12 13:50:00,2043.8000
2021-03-12 13:45:00,2047.6539
2021-03-12 13:40:00,2048.8113
2021-03-12 13:35:00,2050.4000
2021-03-12 13:30:00,2052.0850
2021-03-12 13:25:00,2048.0500
2021-03-12 13:20:00,2047.6400
2021-03-12 13:15:00,2050.4700
2021-03-12 13:10:00,2050.9700
2021-03-12 13:05:00,2049.9200
2021-03-12 13:00:00,2050.1700
2021-03-12 12:55:00,2050.1150
2021-03-12 12:50:00,2051.2813
2021-03-12 12:45:00,2053.0300
2021-03-12 12:40:00,2057.0200
2021-03-12 12:35:00,2059.6900
2021-03-12 12:30:00,2055.9600
2021-03-12 12:25:00,2052.9600
2021-03-12 12:20:00,2053.0000
2021-03-12 12:15:00,2052.2350
2021-03-12 12:10:00,2051.3350
2021-03-12 12:05:00,2048.1800
2021-03-12 12:00:00,2048.9500
2021-03-12 11:55:00,2049.3300
2021-03-12 11:50:00,2049.7000
2021-03-12 11:45:00,2048.0950
2021-03-12 11:40:00,2046.7900
2021-03-12 11:35:00,2046.0400
2021-03-12 11:30:00,2045.0000
2021-03-12 11:25:00,2046.4600
2021-03-12 11:20:00,2041.7300
2021-03-12 11:15:00,2039.2500
2021-03-12 11:10:00,2040.0000
2021-03-12 11:05:00,2033.6500
2021-03-12 11:00:00,2034.9700
2021-03-12 10:55:00,2037.1800
2021-03-12 10:50:00,2044.8100
2021-03-12 10:45:00,2044.2800
2021-03-12 10:40:00,2040.7950
2021-03-12 10:35:00,2041.7400
2021-03-12 10:30:00,2041.0000
2021-03-12 10:25:00,2041.6500
2021-03-12 10:20:00,2046.5800
2021-03-12 10:15:00,2051.0400
2021-03-12 10:10:00,2054.1100
2021-03-12 10:05:00,2055.8501
2021-03-12 10:00:00,2061.9400
2021-03-12 09:55:00,2064.6900
2021-03-12 09:50:00,2061.0000
2021-03-12 09:45:00,2062.0200
2021-03-12 09:40:00,2060.4400
2021-03-12 09:35:00,2070.4700
2021-03-12 09:30:00,2075.4900
2021-03-12 09:25:00,2071.1700
2021-03-12 09:20:00,2070.5000
2021-03-12 09:15:00,2072.8400
2021-03-12 09:05:00,2071.0000
2021-03-12 09:00:00,2071.0000
2021-03-12 08:55:00,2075.0000
2021-03-12 08:05:00,2095.2890
2021-03-12 07:45:00,2076.9900
2021-03-12 07:40:00,2076.2000
2021-03-12 07:35:00,2074.2000
2021-03-12 07:15:00,2068.0000
2021-03-12 07:05:00,2074.0000
2021-03-11 16:35:00,2100.5400
2021-03-11 16:10:00,2100.5400
2021-03-11 16:05:00,2100.5400
2021-03-11 16:00:00,2100.0100
2021-03-11 15:55:00,2104.0200
2021-03-11 15:50:00,2108.1400
2021-03-11 15:45:00,2102.9300
2021-03-11 15:40:00,2103.5000
2021-03-11 15:35:00,2102.0384
2021-03-11 15:30:00,2103.6700
2021-03-11 15:25:00,2103.4100
2021-03-11 15:20:00,2102.0300
2021-03-11 15:15:00,2101.6900
2021-03-11 15:10:00,2104.1550
2021-03-11 15:05:00,2102.8200
2021-03-11 15:00:00,2101.5600
2021-03-11 14:55:00,2104.6650
2021-03-11 14:50:00,2106.0775
2021-03-11 14:45:00,2107.0345
2021-03-11 14:40:00,2105.0000
2021-03-11 14:35:00,2106.9400
2021-03-11 14:30:00,2108.7463
2021-03-11 14:25:00,2109.8350
2021-03-11 14:20:00,2108.7000
2021-03-11 14:15:00,2105.5200
2021-03-11 14:10:00,2104.4000
2021-03-11 14:05:00,2105.3100
2021-03-11 14:00:00,2104.6550
2021-03-11 13:55:00,2104.8100
2021-03-11 13:50:00,2105.1300
2021-03-11 13:45:00,2102.1000
2021-03-11 13:40:00,2102.9000
2021-03-11 13:35:00,2102.3100
2021-03-11 13:30:00,2104.8700
2021-03-11 13:25:00,2103.1400
2021-03-11 13:20:00,2102.9100
2021-03-11 13:15:00,2102.9700
2021-03-11 13:10:00,2103.0200
2021-03-11 13:05:00,2102.3600
2021-03-11 13:00:00,2099.4336
2021-03-11 12:55:00,2097.6284
2021-03-11 12:50:00,2099.8500
2021-03-11 12:45:00,2098.3000
2021-03-11 12:40:00,2099.7036
2021-03-11 12:35:00,2099.6500
2021-03-11 12:30:00,2098.6900
2021-03-11 12:25:00,2098.1600
2021-03-11 12:20:00,2099.7100
2021-03-11 12:15:00,2101.0000
2021-03-11 12:10:00,2095.3600
2021-03-11 12:05:00,2092.5150
2021-03-11 12:00:00,2095.4300
2021-03-11 11:55:00,2094.2940
2021-03-11 11:50:00,2091.2100
2021-03-11 11:45:00,2089.7846
2021-03-11 11:40:00,2086.0400
2021-03-11 11:35:00,2084.7400
2021-03-11 11:30:00,2083.5800
2021-03-11 11:25:00,2086.8200
2021-03-11 11:20:00,2084.1700
2021-03-11 11:15:00,2085.9800
2021-03-11 11:10:00,2083.6200
2021-03-11 11:05:00,2085.5100
2021-03-11 11:00:00,2086.4700
2021-03-11 10:55:00,2080.7300
2021-03-11 10:50:00,2083.3700
2021-03-11 10:45:00,2082.5150
2021-03-11 10:40:00,2081.7000
2021-03-11 10:35:00,2081.8200
2021-03-11 10:30:00,2078.2400
2021-03-11 10:25:00,2081.3947
2021-03-11 10:20:00,2068.7757
2021-03-11 10:15:00,2076.1200
2021-03-11 10:10:00,2078.2700
2021-03-11 10:05:00,2080.2600
2021-03-11 10:00:00,2072.1100
2021-03-11 09:55:00,2067.1800
2021-03-11 09:50:00,2061.4600
2021-03-11 09:45:00,2056.4974
2021-03-11 09:40:00,2066.6000
2021-03-11 09:35:00,2076.4800
2021-03-11 09:30:00,2062.0000
2021-03-11 09:20:00,2065.2900
2021-03-11 08:40:00,2066.0000
2021-03-11 08:30:00,2069.2000
2021-03-11 08:05:00,2074.6172
2021-03-11 07:45:00,2069.0000
2021-03-11 06:30:00,2072.0000
2021-03-11 05:55:00,2070.0000
2021-03-11 05:45:00,2067.0000
2021-03-11 05:40:00,2072.0000
2021-03-10 20:00:00,2031.0000
2021-03-10 19:00:00,2038.0000
2021-03-10 18:00:00,2039.0000
2021-03-10 17:45:00,2040.0000
2021-03-10 17:40:00,2040.0000
2021-03-10 17:00:00,2036.2000
2021-03-10 16:30:00,2036.2500
2021-03-10 16:25:00,2042.0000
2021-03-10 16:20:00,2036.1900
2021-03-10 16:05:00,2039.2100
2021-03-10 16:00:00,2035.8800
2021-03-10 15:55:00,2035.1700
2021-03-10 15:50:00,2046.1800
2021-03-10 15:45:00,2043.0000
2021-03-10 15:40:00,2043.7700
2021-03-10 15:35:00,2037.9500
2021-03-10 15:30:00,2043.9600
2021-03-10 15:25:00,2041.7000
2021-03-10 15:20:00,2046.6300
2021-03-10 15:15:00,2046.5699
2021-03-10 15:10:00,2050.8100
2021-03-10 15:05:00,2047.4100
2021-03-10 15:00:00,2047.3700
2021-03-10 14:55:00,2047.6200
2021-03-10 14:50:00,2050.8450
2021-03-10 14:45:00,2042.3000
2021-03-10 14:40:00,2040.9400
2021-03-10 14:35:00,2039.8450
2021-03-10 14:30:00,2035.7100
2021-03-10 14:25:00,2036.3200
2021-03-10 14:20:00,2040.9400
2021-03-10 14:15:00,2040.1700
2021-03-10 14:10:00,2035.3700
2021-03-10 14:05:00,2036.9100
2021-03-10 14:00:00,2035.0800
2021-03-10 13:55:00,2031.5700
2021-03-10 13:50:00,2031.7000
2021-03-10 13:45:00,2032.3100
2021-03-10 13:40:00,2031.1500
2021-03-10 13:35:00,2033.9100
2021-03-10 13:30:00,2035.2100
2021-03-10 13:25:00,2036.9100
2021-03-10 13:20:00,2036.0500
2021-03-10 13:15:00,2040.2800
2021-03-10 13:10:00,2041.8900
2021-03-10 13:05:00,2036.5200
2021-03-10 13:00:00,2038.4300
2021-03-10 12:55:00,2036.9643
2021-03-10 12:50:00,2039.1200
2021-03-10 12:45:00,2035.6800
2021-03-10 12:40:00,2034.8000
2021-03-10 12:35:00,2041.5800
2021-03-10 12:30:00,2039.8500
2021-03-10 12:25:00,2043.2000
2021-03-10 12:20:00,2042.3416
2021-03-10 12:15:00,2041.8680
2021-03-10 12:10:00,2039.5250
2021-03-10 12:05:00,2035.5000
2021-03-10 12:00:00,2035.7450
2021-03-10 11:55:00,2032.2000
2021-03-10 11:50:00,2027.8400
2021-03-10 11:45:00,2022.4200
2021-03-10 11:40:00,2027.1132
2021-03-10 11:35:00,2029.4600
2021-03-10 11:30:00,2031.4900
2021-03-10 11:25:00,2023.4200
2021-03-10 11:20:00,2024.4300
2021-03-10 11:15:00,2029.0500
2021-03-10 11:10:00,2022.7000
2021-03-10 11:05:00,2029.2700
2021-03-10 11:00:00,2026.3600
2021-03-10 10:55:00,2022.3700
2021-03-10 10:50:00,2031.2800
2021-03-10 10:45:00,2030.3900
2021-03-10 10:40:00,2022.0000
2021-03-10 10:35:00,2034.4125
2021-03-10 10:30:00,2031.4600
2021-03-10 10:25:00,2038.8350
2021-03-10 10:20:00,2045.7600
2021-03-10 10:15:00,2044.2550
2021-03-10 10:10:00,2048.2400
2021-03-10 10:05:00,2049.6401
2021-03-10 10:00:00,2044.0100
2021-03-10 09:55:00,2053.3500
2021-03-10 09:50:00,2053.3400
2021-03-10 09:45:00,2050.3500
2021-03-10 09:40:00,2050.0000
2021-03-10 09:35:00,2054.4200
2021-03-10 09:30:00,2062.3100
2021-03-10 09:20:00,2069.0000
2021-03-10 09:15:00,2062.8900
2021-03-10 09:10:00,2060.0000
2021-03-10 08:45:00,2053.0000
2021-03-10 08:40:00,2055.2000
2021-03-10 08:35:00,2048.0000
2021-03-10 08:10:00,2035.2600
2021-03-10 07:45:00,2040.3600
2021-03-09 19:45:00,2039.8000
2021-03-09 19:35:00,2038.2000
2021-03-09 19:05:00,2040.3600
2021-03-09 18:55:00,2042.0000
2021-03-09 16:20:00,2035.0200
2021-03-09 16:15:00,2040.3600
2021-03-09 16:10:00,2038.0000
2021-03-09 16:05:00,2040.3600
2021-03-09 16:00:00,2040.3700
2021-03-09 15:55:00,2047.5600
2021-03-09 15:50:00,2045.4100
2021-03-09 15:45:00,2044.8400
2021-03-09 15:40:00,2051.0021
2021-03-09 15:35:00,2050.9100
2021-03-09 15:30:00,2050.5800
2021-03-09 15:25:00,2050.2900
2021-03-09 15:20:00,2055.3200
2021-03-09 15:15:00,2055.9400
2021-03-09 15:10:00,2052.9900
2021-03-09 15:05:00,2049.4400
2021-03-09 15:00:00,2048.8100
2021-03-09 14:55:00,2049.0400
2021-03-09 14:50:00,2050.8200
2021-03-09 14:45:00,2053.6600
2021-03-09 14:40:00,2051.2200
2021-03-09 14:35:00,2050.5600
2021-03-09 14:30:00,2049.1900
2021-03-09 14:25:00,2053.2000
2021-03-09 14:20:00,2050.9200
2021-03-09 14:15:00,2055.8400
2021-03-09 14:10:00,2056.0484
2021-03-09 14:05:00,2056.8400
2021-03-09 14:00:00,2055.9000
2021-03-09 13:55:00,2055.9300
2021-03-09 13:50:00,2053.4300
2021-03-09 13:45:00,2055.9200
2021-03-09 13:40:00,2053.2000
2021-03-09 13:35:00,2053.9100
2021-03-09 13:30:00,2052.2400
2021-03-09 13:25:00,2053.9900
2021-03-09 13:20:00,2055.0000
2021-03-09 13:15:00,2055.2300
2021-03-09 13:10:00,2058.4100
2021-03-09 13:05:00,2060.1400
2021-03-09 13:00:00,2053.6000
2021-03-09 12:55:00,2053.7350
2021-03-09 12:50:00,2057.0800
2021-03-09 12:45:00,2057.9300
2021-03-09 12:40:00,2058.8550
2021-03-09 12:35:00,2058.1900
2021-03-09 12:30:00,2056.8600
2021-03-09 12:25:00,2057.2300
2021-03-09 12:20:00,2057.1950
2021-03-09 12:15:00,2056.8600
2021-03-09 12:10:00,2058.1200
2021-03-09 12:05:00,2055.0400
2021-03-09 12:00:00,2052.6100
2021-03-09 11:55:00,2052.7200
2021-03-09 11:50:00,2052.9000
2021-03-09 11:45:00,2057.7150
2021-03-09 11:40:00,2056.3700
2021-03-09 11:35:00,2055.0000
2021-03-09 11:30:00,2054.5700
2021-03-09 11:25:00,2057.7050
2021-03-09 11:20:00,2054.7700
2021-03-09 11:15:00,2050.5600
2021-03-09 11:10:00,2048.4600
2021-03-09 11:05:00,2052.9000
2021-03-09 11:00:00,2051.1000
2021-03-09 10:55:00,2049.9450
2021-03-09 10:50:00,2051.7700
2021-03-09 10:45:00,2056.2300
2021-03-09 10:40:00,2056.5500
2021-03-09 10:35:00,2056.8400
2021-03-09 10:30:00,2052.1763
2021-03-09 10:25:00,2051.6100
2021-03-09 10:20:00,2058.0150
2021-03-09 10:15:00,2060.4800
2021-03-09 10:10:00,2060.0800
2021-03-09 10:05:00,2061.1300
2021-03-09 10:00:00,2058.4500
2021-03-09 09:55:00,2058.1000
2021-03-09 09:50:00,2045.3900
2021-03-09 09:45:00,2044.1783
2021-03-09 09:40:00,2046.9900
2021-03-09 09:35:00,2056.6500
2021-03-09 09:30:00,2049.6100
2021-03-09 09:25:00,2052.0000
2021-03-09 09:20:00,2052.0000
2021-03-09 09:10:00,2053.0000
2021-03-09 08:45:00,2051.3000
2021-03-09 08:40:00,2049.0000
2021-03-09 08:35:00,2048.0000
2021-03-09 08:30:00,2047.4900
2021-03-09 08:25:00,2048.0000
2021-03-09 08:05:00,2044.7700
2021-03-09 08:00:00,2040.3500
2021-03-09 07:55:00,2044.7700
2021-03-09 07:40:00,2049.0000
2021-03-09 07:20:00,2052.0000
2021-03-09 07:10:00,2053.0000
2021-03-09 07:05:00,2051.7800
2021-03-09 06:30:00,2056.0000
2021-03-09 06:15:00,2055.0000
2021-03-09 06:05:00,2055.6900
2021-03-08 17:50:00,2010.0100
2021-03-08 17:45:00,2014.0000
2021-03-08 17:40:00,2011.0000
2021-03-08 17:05:00,2007.5000
2021-03-08 17:00:00,2013.0000
2021-03-08 16:35:00,2015.0000
2021-03-08 16:30:00,2012.1400
2021-03-08 16:15:00,2016.5900
2021-03-08 16:10:00,2007.5000
2021-03-08 16:05:00,2007.5000
2021-03-08 16:00:00,2007.8200
2021-03-08 15:55:00,2016.7300
2021-03-08 15:50:00,2016.4400
2021-03-08 15:45:00,2024.0600
2021-03-08 15:40:00,2026.6900
2021-03-08 15:35:00,2024.0500
2021-03-08 15:30:00,2019.7500
2021-03-08 15:25:00,2021.5725
2021-03-08 15:20:00,2018.5400
2021-03-08 15:15:00,2025.8600
2021-03-08 15:10:00,2019.7200
2021-03-08 15:05:00,2019.9700
2021-03-08 15:00:00,2026.5750
2021-03-08 14:55:00,2030.0200
2021-03-08 14:50:00,2026.9800
2021-03-08 14:45:00,2027.8100
2021-03-08 14:40:00,2036.3000
2021-03-08 14:35:00,2041.1500
2021-03-08 14:30:00,2042.4100
2021-03-08 14:25:00,2041.6100
2021-03-08 14:20:00,2042.7100
2021-03-08 14:15:00,2044.5100
2021-03-08 14:10:00,2043.9400
2021-03-08 14:05:00,2039.4400
2021-03-08 14:00:00,2038.3300
2021-03-08 13:55:00,2043.9000
2021-03-08 13:50:00,2047.3950
2021-03-08 13:45:00,2048.8000
2021-03-08 13:40:00,2055.3350
2021-03-08 13:35:00,2055.5400
2021-03-08 13:30:00,2059.5700
2021-03-08 13:25:00,2060.0750
2021-03-08 13:20:00,2060.3300
2021-03-08 13:15:00,2064.6200
2021-03-08 13:10:00,2060.0000
2021-03-08 13:05:00,2059.4600
2021-03-08 13:00:00,2056.9850
2021-03-08 12:55:00,2064.2900
2021-03-08 12:50:00,2068.6200
2021-03-08 12:45:00,2068.7500
2021-03-08 12:40:00,2069.7300
2021-03-08 12:35:00,2068.2500
2021-03-08 12:30:00,2067.6700
2021-03-08 12:25:00,2063.9800
2021-03-08 12:20:00,2056.4900
2021-03-08 12:15:00,2061.0000
2021-03-08 12:10:00,2069.5750
2021-03-08 12:05:00,2065.5300
2021-03-08 12:00:00,2071.5600
2021-03-08 11:55:00,2077.0550
2021-03-08 11:50:00,2079.9200
2021-03-08 11:45:00,2076.0300
2021-03-08 11:40:00,2085.6200
2021-03-08 11:35:00,2086.5800
2021-03-08 11:30:00,2091.8400
2021-03-08 11:25:00,2091.6850
2021-03-08 11:20:00,2088.6750
2021-03-08 11:15:00,2087.4400
2021-03-08 11:10:00,2091.0000
2021-03-08 11:05:00,2095.4900
2021-03-08 11:00:00,2095.3500
2021-03-08 10:55:00,2090.7300
2021-03-08 10:50:00,2095.9000
2021-03-08 10:45:00,2103.8600
2021-03-08 10:40:00,2103.0000
2021-03-08 10:35:00,2110.9200
2021-03-08 10:30:00,2106.8700
2021-03-08 10:25:00,2096.6000
2021-03-08 10:20:00,2103.3000
2021-03-08 10:15:00,2094.4800
2021-03-08 10:10:00,2093.3400
2021-03-08 10:05:00,2081.6100
2021-03-08 10:00:00,2085.3400
2021-03-08 09:55:00,2095.7800
2021-03-08 09:50:00,2092.8400
2021-03-08 09:45:00,2098.4400
2021-03-08 09:40:00,2088.7500
2021-03-08 09:35:00,2075.9900
2021-03-08 09:30:00,2083.7600
2021-03-08 09:05:00,2091.9900
2021-03-08 09:00:00,2092.0000
2021-03-08 08:45:00,2084.9800
2021-03-08 08:35:00,2084.0000
2021-03-08 08:30:00,2082.0000
2021-03-08 08:20:00,2079.0000
2021-03-08 08:05:00,2066.0000
2021-03-08 08:00:00,2069.0000
2021-03-08 07:55:00,2062.0000
2021-03-08 07:35:00,2073.0000
2021-03-08 07:10:00,2078.0000
2021-03-08 07:05:00,2072.7800
2021-03-08 06:10:00,2069.4000
2021-03-08 05:40:00,2069.9900
2021-03-08 04:05:00,2070.0000
2021-03-05 20:00:00,2102.0000
2021-03-05 19:20:00,2101.1500
2021-03-05 19:05:00,2102.0000
2021-03-05 17:50:00,2097.6200
2021-03-05 17:05:00,2097.6200
2021-03-05 16:55:00,2097.9800
2021-03-05 16:50:00,2097.6600
2021-03-05 16:45:00,2098.7500
2021-03-05 16:25:00,2097.0700
2021-03-05 16:20:00,2095.0000
2021-03-05 16:15:00,2096.8200
2021-03-05 16:10:00,2096.5900
2021-03-05 16:05:00,2096.7300
2021-03-05 16:00:00,2096.0100
2021-03-05 15:55:00,2096.1550
2021-03-05 15:50:00,2097.6000
2021-03-05 15:45:00,2096.8600
2021-03-05 15:40:00,2101.2500
2021-03-05 15:35:00,2094.8600
2021-03-05 15:30:00,2094.5300
2021-03-05 15:25:00,2095.4300
2021-03-05 15:20:00,2091.3600
2021-03-05 15:15:00,2089.7000
2021-03-05 15:10:00,2091.9600
2021-03-05 15:05:00,2099.0200
2021-03-05 15:00:00,2096.9350
2021-03-05 14:55:00,2092.0450
2021-03-05 14:50:00,2083.6900
2021-03-05 14:45:00,2079.6700
2021-03-05 14:40:00,2080.9200
2021-03-05 14:35:00,2083.0600
2021-03-05 14:30:00,2074.2500
2021-03-05 14:25:00,2067.4150
2021-03-05 14:20:00,2065.2650
2021-03-05 14:15:00,2072.3992
2021-03-05 14:10:00,2072.9600
2021-03-05 14:05:00,2062.0801
2021-03-05 14:00:00,2069.4420
2021-03-05 13:55:00,2067.1300
2021-03-05 13:50:00,2072.6300
2021-03-05 13:45:00,2069.0100
2021-03-05 13:40:00,2070.5380
2021-03-05 13:35:00,2073.5900
2021-03-05 13:30:00,2069.4000
2021-03-05 13:25:00,2076.8200
2021-03-05 13:20:00,2078.9700
2021-03-05 13:15:00,2072.0500
2021-03-05 13:10:00,2071.3000
2021-03-05 13:05:00,2062.2300
2021-03-05 13:00:00,2076.8770
2021-03-05 12:55:00,2073.5800
2021-03-05 12:50:00,2080.2500
2021-03-05 12:45:00,2069.9850
2021-03-05 12:40:00,2063.6500
2021-03-05 12:35:00,2053.6600
2021-03-05 12:30:00,2049.4900
2021-03-05 12:25:00,2049.2200
2021-03-05 12:20:00,2043.6000
2021-03-05 12:15:00,2035.6700
2021-03-05 12:10:00,2035.7200
2021-03-05 12:05:00,2044.4400
2021-03-05 12:00:00,2045.0100
2021-03-05 11:55:00,2032.5000
2021-03-05 11:50:00,2040.3600
2021-03-05 11:45:00,2051.9000
2021-03-05 11:40:00,2052.2000
2021-03-05 11:35:00,2041.8700
2021-03-05 11:30:00,2036.4200
2021-03-05 11:25:00,2031.3200
2021-03-05 11:20:00,2038.1100
2021-03-05 11:15:00,2037.4300
2021-03-05 11:10:00,2038.5300
2021-03-05 11:05:00,2049.9800
2021-03-05 11:00:00,2046.0750
2021-03-05 10:55:00,2058.3300
2021-03-05 10:50:00,2053.7800
2021-03-05 10:45:00,2051.8350
2021-03-05 10:40:00,2051.0000
2021-03-05 10:35:00,2054.5200
2021-03-05 10:30:00,2059.6900
2021-03-05 10:25:00,2055.4400
2021-03-05 10:20:00,2061.8999
2021-03-05 10:15:00,2055.8350
2021-03-05 10:10:00,2077.4500
2021-03-05 10:05:00,2064.6300
2021-03-05 10:00:00,2064.5100
2021-03-05 09:55:00,2056.0000
2021-03-05 09:50:00,2062.3400
2021-03-05 09:45:00,2060.7000
2021-03-05 09:40:00,2060.1100
2021-03-05 09:35:00,2060.5329
2021-03-05 09:30:00,2063.6000
2021-03-05 09:25:00,2058.0000
2021-03-05 09:20:00,2060.0000
2021-03-05 09:15:00,2057.0000
2021-03-05 09:00:00,2050.0000
2021-03-05 08:35:00,2023.5200
2021-03-05 08:20:00,2044.7900
2021-03-05 08:05:00,2040.1500
2021-03-05 07:05:00,2037.0000
2021-03-04 19:30:00,2024.0000
2021-03-04 18:50:00,2040.0000
2021-03-04 17:55:00,2034.0000
2021-03-04 17:50:00,2033.9300
2021-03-04 16:30:00,2034.5500
2021-03-04 16:20:00,2033.9300
2021-03-04 16:15:00,2035.0000
2021-03-04 16:10:00,2036.0000
2021-03-04 16:05:00,2033.9300
2021-03-04 16:00:00,2033.9300
2021-03-04 15:55:00,2033.8300
2021-03-04 15:50:00,2037.9800
2021-03-04 15:45:00,2039.9300
2021-03-04 15:40:00,2032.6550
2021-03-04 15:35:00,2041.3200
2021-03-04 15:30:00,2042.7250
2021-03-04 15:25:00,2035.0300
2021-03-04 15:20:00,2037.9200
2021-03-04 15:15:00,2044.7900
2021-03-04 15:10:00,2041.8800
2021-03-04 15:05:00,2044.5000
2021-03-04 15:00:00,2051.7250
2021-03-04 14:55:00,2051.0750
2021-03-04 14:50:00,2050.2825
2021-03-04 14:45:00,2046.3200
2021-03-04 14:40:00,2031.9000
2021-03-04 14:35:00,2035.7700
2021-03-04 14:30:00,2040.3950
2021-03-04 14:25:00,2036.7599
2021-03-04 14:20:00,2028.4700
2021-03-04 14:15:00,2032.0100
2021-03-04 14:10:00,2030.3100
2021-03-04 14:05:00,2022.0400
2021-03-04 14:00:00,2016.5400
2021-03-04 13:55:00,2018.3900
2021-03-04 13:50:00,2021.4800
2021-03-04 13:45:00,2033.0100
2021-03-04 13:40:00,2032.1341
2021-03-04 13:35:00,2024.4100
2021-03-04 13:30:00,2029.8300
2021-03-04 13:25:00,2024.9000
2021-03-04 13:20:00,2026.0500
2021-03-04 13:15:00,2018.3000
2021-03-04 13:10:00,2026.4100
2021-03-04 13:05:00,2032.3100
2021-03-04 13:00:00,2031.5682
2021-03-04 12:55:00,2028.9100
2021-03-04 12:50:00,2039.7100
2021-03-04 12:45:00,2046.7600
2021-03-04 12:40:00,2057.3600
2021-03-04 12:35:00,2046.2300
2021-03-04 12:30:00,2050.7300
2021-03-04 12:25:00,2056.6050
2021-03-04 12:20:00,2070.4800
2021-03-04 12:15:00,2061.7400
2021-03-04 12:10:00,2071.0000
2021-03-04 12:05:00,2070.8250
2021-03-04 12:00:00,2058.1200
2021-03-04 11:55:00,2065.2500
2021-03-04 11:50:00,2068.2150
2021-03-04 11:45:00,2065.4100
2021-03-04 11:40:00,2059.8500
2021-03-04 11:35:00,2054.4000
2021-03-04 11:30:00,2053.8900
2021-03-04 11:25:00,2057.0700
2021-03-04 11:20:00,2051.5000
2021-03-04 11:15:00,2042.3600
2021-03-04 11:10:00,2046.9800
2021-03-04 11:05:00,2042.7900
2021-03-04 11:00:00,2039.2250
2021-03-04 10:55:00,2036.4850
2021-03-04 10:50:00,2048.4500
2021-03-04 10:45:00,2045.2500
2021-03-04 10:40:00,2035.6800
2021-03-04 10:35:00,2030.0000
2021-03-04 10:30:00,2023.5500
2021-03-04 10:25:00,2014.4000
2021-03-04 10:20:00,2008.1350
2021-03-04 10:15:00,2012.2000
2021-03-04 10:10:00,2011.9250
2021-03-04 10:05:00,2015.3849
2021-03-04 10:00:00,2023.1500
2021-03-04 09:55:00,2021.7300
2021-03-04 09:50:00,2018.3700
2021-03-04 09:45:00,2038.6300
2021-03-04 09:40:00,2044.1378
2021-03-04 09:35:00,2040.7000
2021-03-04 09:10:00,2010.1500
2021-03-04 08:50:00,2016.0000
2021-03-04 08:40:00,2015.0000
2021-03-04 08:25:00,2011.0000
2021-03-04 08:20:00,2008.0000
2021-03-04 08:05:00,2008.0000
2021-03-03 18:25:00,2008.0500
2021-03-03 17:00:00,2016.0000
2021-03-03 16:50:00,2018.0000
2021-03-03 16:35:00,2015.0000
2021-03-03 16:30:00,2016.0000
2021-03-03 16:20:00,2011.4100
2021-03-03 16:15:00,2023.9345
2021-03-03 16:10:00,2011.4100
2021-03-03 16:05:00,2011.4100
2021-03-03 16:00:00,2011.4100
2021-03-03 15:55:00,2012.8650
2021-03-03 15:50:00,2023.2400
2021-03-03 15:45:00,2023.1100
2021-03-03 15:40:00,2019.1350
2021-03-03 15:35:00,2019.5500
2021-03-03 15:30:00,2019.0300
2021-03-03 15:25:00,2016.0700
2021-03-03 15:20:00,2018.6800
2021-03-03 15:15:00,2018.6050
2021-03-03 15:10:00,2018.7700
2021-03-03 15:05:00,2016.6200
2021-03-03 15:00:00,2015.5750
2021-03-03 14:55:00,2014.1300
2021-03-03 14:50:00,2004.6200
2021-03-03 14:45:00,2011.7800
2021-03-03 14:40:00,2008.2670
2021-03-03 14:35:00,1996.0600
2021-03-03 14:30:00,2002.2350
2021-03-03 14:25:00,2005.0000
2021-03-03 14:20:00,2006.3125
2021-03-03 14:15:00,2013.1500
2021-03-03 14:10:00,2009.0900
2021-03-03 14:05:00,2010.0000
2021-03-03 14:00:00,2014.9450
2021-03-03 13:55:00,2013.6700
2021-03-03 13:50:00,2014.9999
2021-03-03 13:45:00,2019.9750
2021-03-03 13:40:00,2022.6700
2021-03-03 13:35:00,2023.7524
2021-03-03 13:30:00,2028.2700
2021-03-03 13:25:00,2029.5000
2021-03-03 13:20:00,2030.9550
2021-03-03 13:15:00,2026.1200
2021-03-03 13:10:00,2023.7800
2021-03-03 13:05:00,2024.0200
2021-03-03 13:00:00,2028.5339
2021-03-03 12:55:00,2032.2972
2021-03-03 12:50:00,2033.2900
2021-03-03 12:45:00,2033.9700
2021-03-03 12:40:00,2034.7850
2021-03-03 12:35:00,2034.9900
2021-03-03 12:30:00,2037.8000
2021-03-03 12:25:00,2041.6100
2021-03-03 12:20:00,2042.2900
2021-03-03 12:15:00,2045.6500
2021-03-03 12:10:00,2044.3100
2021-03-03 12:05:00,2043.5000
2021-03-03 12:00:00,2042.9958
2021-03-03 11:55:00,2050.3300
2021-03-03 11:50:00,2045.6900
2021-03-03 11:45:00,2042.9100
2021-03-03 11:40:00,2044.6900
2021-03-03 11:35:00,2047.1400
2021-03-03 11:30:00,2050.3800
2021-03-03 11:25:00,2051.6200
2021-03-03 11:20:00,2051.4900
2021-03-03 11:15:00,2049.2400
2021-03-03 11:10:00,2046.4550
2021-03-03 11:05:00,2044.0350
2021-03-03 11:00:00,2041.7800
2021-03-03 10:55:00,2037.0300
2021-03-03 10:50:00,2038.6800
2021-03-03 10:45:00,2031.6800
2021-03-03 10:40:00,2036.7700
2021-03-03 10:35:00,2036.8100
2021-03-03 10:30:00,2033.1950
2021-03-03 10:25:00,2034.8257
2021-03-03 10:20:00,2035.1300
2021-03-03 10:15:00,2035.0000
2021-03-03 10:10:00,2045.2000
2021-03-03 10:05:00,2046.8400
2021-03-03 10:00:00,2042.3300
2021-03-03 09:55:00,2054.6300
2021-03-03 09:50:00,2052.5399
2021-03-03 09:45:00,2053.3458
2021-03-03 09:40:00,2064.2150
2021-03-03 09:35:00,2072.8100
2021-03-03 09:30:00,2058.1500
2021-03-03 08:35:00,2062.6500
2021-03-03 08:05:00,2074.9000
2021-03-03 07:15:00,2072.1000
2021-03-02 19:30:00,2069.9900
2021-03-02 17:40:00,2063.0000
2021-03-02 16:45:00,2064.4100
2021-03-02 16:10:00,2064.4800
2021-03-02 16:05:00,2064.4800
2021-03-02 16:00:00,2065.2400
2021-03-02 15:55:00,2067.8600
2021-03-02 15:50:00,2070.1900
2021-03-02 15:45:00,2071.4000
2021-03-02 15:40:00,2068.8391
2021-03-02 15:35:00,2073.0600
2021-03-02 15:30:00,2072.0000
2021-03-02 15:25:00,2072.6000
2021-03-02 15:20:00,2071.8337
2021-03-02 15:15:00,2080.7950
2021-03-02 15:10:00,2078.1200
2021-03-02 15:05:00,2077.1500
2021-03-02 15:00:00,2076.5500
2021-03-02 14:55:00,2075.2500
2021-03-02 14:50:00,2073.4867
2021-03-02 14:45:00,2072.0950
2021-03-02 14:40:00,2075.1500
2021-03-02 14:35:00,2078.7000
2021-03-02 14:30:00,2079.3000
2021-03-02 14:25:00,2086.0900
2021-03-02 14:20:00,2084.0000
2021-03-02 14:15:00,2084.9050
2021-03-02 14:10:00,2084.8200
2021-03-02 14:05:00,2089.1000
2021-03-02 14:00:00,2090.2986
2021-03-02 13:55:00,2089.5700
2021-03-02 13:50:00,2094.2302
2021-03-02 13:45:00,2092.6450
2021-03-02 13:40:00,2088.9400
2021-03-02 13:35:00,2088.0100
2021-03-02 13:30:00,2084.1750
2021-03-02 13:25:00,2085.5500
2021-03-02 13:20:00,2082.9050
2021-03-02 13:15:00,2081.3100
2021-03-02 13:10:00,2078.4000
2021-03-02 13:05:00,2077.2200
2021-03-02 13:00:00,2074.1400
2021-03-02 12:55:00,2077.0800
2021-03-02 12:50:00,2075.9000
2021-03-02 12:45:00,2078.4700
2021-03-02 12:40:00,2077.5700
2021-03-02 12:35:00,2072.2400
2021-03-02 12:30:00,2073.4600
2021-03-02 12:25:00,2071.6300
2021-03-02 12:20:00,2072.0350
2021-03-02 12:15:00,2071.8500
2021-03-02 12:10:00,2069.6400
2021-03-02 12:05:00,2065.3200
2021-03-02 12:00:00,2066.5400
2021-03-02 11:55:00,2068.1900
2021-03-02 11:50:00,2067.0500
2021-03-02 11:45:00,2065.0901
2021-03-02 11:40:00,2065.4800
2021-03-02 11:35:00,2065.0800
2021-03-02 11:30:00,2070.2900
2021-03-02 11:25:00,2060.7700
2021-03-02 11:20:00,2064.3650
2021-03-02 11:15:00,2067.3500
2021-03-02 11:10:00,2072.5400
2021-03-02 11:05:00,2070.1600
2021-03-02 11:00:00,2074.2600
2021-03-02 10:55:00,2076.0000
2021-03-02 10:50:00,2073.1925
2021-03-02 10:45:00,2068.6700
2021-03-02 10:40:00,2068.0500
2021-03-02 10:35:00,2073.3200
2021-03-02 10:30:00,2065.1350
2021-03-02 10:25:00,2075.1850
2021-03-02 10:20:00,2080.7700
2021-03-02 10:15:00,2073.9950
2021-03-02 10:10:00,2079.7600
2021-03-02 10:05:00,2079.4750
2021-03-02 10:00:00,2075.5600
2021-03-02 09:55:00,2072.7100
2021-03-02 09:50:00,2072.1500
2021-03-02 09:45:00,2075.1350
2021-03-02 09:40:00,2070.2350
2021-03-02 09:35:00,2076.1100
2021-03-02 09:30:00,2065.0700
2021-03-02 09:20:00,2069.6100
2021-03-01 16:40:00,2070.0100
2021-03-01 16:15:00,2069.6600
2021-03-01 16:05:00,2069.6600
2021-03-01 16:00:00,2071.0800
2021-03-01 15:55:00,2075.4050
2021-03-01 15:50:00,2069.5200
2021-03-01 15:45:00,2071.7300
2021-03-01 15:40:00,2071.8500
2021-03-01 15:35:00,2073.8900
2021-03-01 15:30:00,2073.5400
2021-03-01 15:25:00,2073.9400
2021-03-01 15:20:00,2071.6900
2021-03-01 15:15:00,2070.4100
2021-03-01 15:10:00,2069.1500
2021-03-01 15:05:00,2070.3400
2021-03-01 15:00:00,2069.3500
2021-03-01 14:55:00,2071.4000
2021-03-01 14:50:00,2070.8850
2021-03-01 14:45:00,2071.3900
2021-03-01 14:40:00,2069.7990
2021-03-01 14:35:00,2070.1850
2021-03-01 14:30:00,2069.7950
2021-03-01 14:25:00,2069.2150
2021-03-01 14:20:00,2067.6260
2021-03-01 14:15:00,2069.3000
2021-03-01 14:10:00,2063.7400
2021-03-01 14:05:00,2061.5500
2021-03-01 14:00:00,2060.6050
2021-03-01 13:55:00,2060.5800
2021-03-01 13:50:00,2060.6500
2021-03-01 13:45:00,2060.4200
2021-03-01 13:40:00,2059.3900
2021-03-01 13:35:00,2057.3000
2021-03-01 13:30:00,2056.3500
2021-03-01 13:25:00,2056.1100
2021-03-01 13:20:00,2052.9800
2021-03-01 13:15:00,2051.9600
2021-03-01 13:10:00,2053.9100
2021-03-01 13:05:00,2055.2950
2021-03-01 13:00:00,2054.6400
2021-03-01 12:55:00,2056.9500
2021-03-01 12:50:00,2057.7600
2021-03-01 12:45:00,2058.2100
2021-03-01 12:40:00,2056.6900
2021-03-01 12:35:00,2058.9750
2021-03-01 12:30:00,2057.4943
2021-03-01 12:25:00,2059.5800
2021-03-01 12:20:00,2057.1200
2021-03-01 12:15:00,2057.6548
2021-03-01 12:10:00,2059.2200
2021-03-01 12:05:00,2058.0350
2021-03-01 12:00:00,2060.8849
2021-03-01 11:55:00,2060.9900
2021-03-01 11:50:00,2062.5400
2021-03-01 11:45:00,2061.3250
2021-03-01 11:40:00,2055.6150
2021-03-01 11:35:00,2054.4000
2021-03-01 11:30:00,2055.5500
2021-03-01 11:25:00,2054.9100
2021-03-01 11:20:00,2056.3400
2021-03-01 11:15:00,2058.3450
2021-03-01 11:10:00,2059.6650
2021-03-01 11:05:00,2060.0900
2021-03-01 11:00:00,2061.0200
2021-03-01 10:55:00,2065.6250
2021-03-01 10:50:00,2065.8300
2021-03-01 10:45:00,2064.6300
2021-03-01 10:40:00,2054.1250
2021-03-01 10:35:00,2053.7450
2021-03-01 10:30:00,2052.5000
2021-03-01 10:25:00,2045.9700
2021-03-01 10:20:00,2041.0800
2021-03-01 10:15:00,2040.5100
2021-03-01 10:10:00,2041.0300
2021-03-01 10:05:00,2038.7850
2021-03-01 10:00:00,2038.1300
2021-03-01 09:55:00,2038.5800
2021-03-01 09:50:00,2038.0000
2021-03-01 09:45:00,2040.8525
2021-03-01 09:40:00,2046.2400
2021-03-01 09:35:00,2046.3500
2021-03-01 09:30:00,2047.1900
2021-03-01 09:10:00,2045.0000
2021-03-01 08:55:00,2044.7000
2021-03-01 07:30:00,2045.0000
2021-03-01 07:25:00,2048.6000
2021-03-01 07:15:00,2045.5000
2021-03-01 07:10:00,2045.3100
2021-03-01 07:05:00,2044.0000
2021-03-01 06:00:00,2044.0600
2021-03-01 05:55:00,2044.0600
2021-02-26 18:20:00,2021.0000
2021-02-26 17:00:00,2022.0000
2021-02-26 16:55:00,2022.0000
2021-02-26 16:40:00,2021.9100
2021-02-26 16:35:00,2022.0649
2021-02-26 16:30:00,2021.9100
2021-02-26 16:25:00,2024.0000
2021-02-26 16:15:00,2021.9100
2021-02-26 16:10:00,2013.1100
2021-02-26 16:05:00,2021.9100
2021-02-26 16:00:00,2021.4500
2021-02-26 15:55:00,2025.9500
2021-02-26 15:50:00,2046.1450
2021-02-26 15:45:00,2035.8700
2021-02-26 15:40:00,2033.2100
2021-02-26 15:35:00,2029.4100
2021-02-26 15:30:00,2030.0100
2021-02-26 15:25:00,2036.2100
2021-02-26 15:20:00,2044.1710
2021-02-26 15:15:00,2040.5100
2021-02-26 15:10:00,2044.9200
2021-02-26 15:05:00,2043.5700
2021-02-26 15:00:00,2036.9100
2021-02-26 14:55:00,2039.2500
2021-02-26 14:50:00,2042.7400
2021-02-26 14:45:00,2036.0750
2021-02-26 14:40:00,2039.4100
2021-02-26 14:35:00,2038.7600
2021-02-26 14:30:00,2030.5700
2021-02-26 14:25:00,2029.1700
2021-02-26 14:20:00,2027.4100
2021-02-26 14:15:00,2031.7100
2021-02-26 14:10:00,2030.3100
2021-02-26 14:05:00,2026.7300
2021-02-26 14:00:00,2030.6200
2021-02-26 13:55:00,2029.0200
2021-02-26 13:50:00,2032.8241
2021-02-26 13:45:00,2040.0513
2021-02-26 13:40:00,2036.9900
2021-02-26 13:35:00,2040.9700
2021-02-26 13:30:00,2046.2550
2021-02-26 13:25:00,2043.7650
2021-02-26 13:20:00,2040.1300
2021-02-26 13:15:00,2038.0000
2021-02-26 13:10:00,2038.3900
2021-02-26 13:05:00,2032.4200
2021-02-26 13:00:00,2038.0500
2021-02-26 12:55:00,2047.0250
2021-02-26 12:50:00,2043.1100
2021-02-26 12:45:00,2043.5700
2021-02-26 12:40:00,2044.0600
2021-02-26 12:35:00,2047.1400
2021-02-26 12:30:00,2042.5100
2021-02-26 12:25:00,2045.2000
2021-02-26 12:20:00,2050.0000
2021-02-26 12:15:00,2049.1900
2021-02-26 12:10:00,2044.1600
2021-02-26 12:05:00,2035.7000
2021-02-26 12:00:00,2032.6900
2021-02-26 11:55:00,2028.9600
2021-02-26 11:50:00,2034.1400
2021-02-26 11:45:00,2035.1300
2021-02-26 11:40:00,2039.8600
2021-02-26 11:35:00,2037.4000
2021-02-26 11:30:00,2022.4800
2021-02-26 11:25:00,2015.8300
2021-02-26 11:20:00,2022.5300
2021-02-26 11:15:00,2025.7300
2021-02-26 11:10:00,2031.5000
2021-02-26 11:05:00,2031.9200
2021-02-26 11:00:00,2029.4300
2021-02-26 10:55:00,2029.1900
2021-02-26 10:50:00,2029.6000
2021-02-26 10:45:00,2027.8100
2021-02-26 10:40:00,2023.9750
2021-02-26 10:35:00,2007.0900
2021-02-26 10:30:00,2008.3800
2021-02-26 10:25:00,2015.3300
2021-02-26 10:20:00,2015.5200
2021-02-26 10:15:00,2019.6799
2021-02-26 10:10:00,2011.0500
2021-02-26 10:05:00,2022.9600
2021-02-26 10:00:00,2021.6700
2021-02-26 09:55:00,2022.9100
2021-02-26 09:50:00,2035.4200
2021-02-26 09:45:00,2044.1100
2021-02-26 09:40:00,2052.3900
2021-02-26 09:35:00,2037.0200
2021-02-26 09:30:00,2030.0800
2021-02-26 09:20:00,2032.0000
2021-02-26 09:15:00,2032.5200
2021-02-26 09:10:00,2035.0000
2021-02-26 09:05:00,2036.0000
2021-02-26 08:45:00,2034.0000
2021-02-26 08:25:00,2022.0000
2021-02-26 08:20:00,2022.0000
2021-02-26 08:05:00,2018.2700
2021-02-25 19:35:00,2000.0000
2021-02-25 19:30:00,2000.0000
2021-02-25 19:20:00,2005.0000
2021-02-25 19:10:00,2009.0000
2021-02-25 18:30:00,2013.0000
2021-02-25 18:10:00,2012.6500
2021-02-25 17:35:00,2005.0000
2021-02-25 17:10:00,2007.0500
2021-02-25 16:35:00,2015.0000
2021-02-25 16:30:00,2016.0000
2021-02-25 16:20:00,2015.9500
2021-02-25 16:15:00,2015.9500
2021-02-25 16:10:00,2015.9500
2021-02-25 16:05:00,2015.9500
2021-02-25 16:00:00,2017.2900
2021-02-25 15:55:00,2023.1400
2021-02-25 15:50:00,2026.9850
2021-02-25 15:45:00,2018.2700
2021-02-25 15:40:00,2013.2200
2021-02-25 15:35:00,2014.1900
2021-02-25 15:30:00,2015.4400
2021-02-25 15:25:00,2013.6900
2021-02-25 15:20:00,2016.7350
2021-02-25 15:15:00,2019.7700
2021-02-25 15:10:00,2017.5100
2021-02-25 15:05:00,2027.4400
2021-02-25 15:00:00,2026.9600
2021-02-25 14:55:00,2025.8700
2021-02-25 14:50:00,2028.0900
2021-02-25 14:45:00,2025.9850
2021-02-25 14:40:00,2026.2600
2021-02-25 14:35:00,2034.1200
2021-02-25 14:30:00,2038.5900
2021-02-25 14:25:00,2039.4750
2021-02-25 14:20:00,2037.5300
2021-02-25 14:15:00,2032.3000
2021-02-25 14:10:00,2033.7300
2021-02-25 14:05:00,2026.2100
2021-02-25 14:00:00,2021.8500
2021-02-25 13:55:00,2017.5350
2021-02-25 13:50:00,2021.4100
2021-02-25 13:45:00,2027.0300
2021-02-25 13:40:00,2028.9900
2021-02-25 13:35:00,2027.6400
2021-02-25 13:30:00,2031.3050
2021-02-25 13:25:00,2028.7000
2021-02-25 13:20:00,2030.1900
2021-02-25 13:15:00,2028.7800
2021-02-25 13:10:00,2024.5600
2021-02-25 13:05:00,2022.9900
2021-02-25 13:00:00,2020.9700
2021-02-25 12:55:00,2021.4100
2021-02-25 12:50:00,2026.7600
2021-02-25 12:45:00,2030.7200
2021-02-25 12:40:00,2034.1800
2021-02-25 12:35:00,2030.0900
2021-02-25 12:30:00,2033.3250
2021-02-25 12:25:00,2036.4700
2021-02-25 12:20:00,2030.8550
2021-02-25 12:15:00,2037.2000
2021-02-25 12:10:00,2036.6700
2021-02-25 12:05:00,2036.5900
2021-02-25 12:00:00,2034.2000
2021-02-25 11:55:00,2041.5950
2021-02-25 11:50:00,2034.3300
2021-02-25 11:45:00,2040.5600
2021-02-25 11:40:00,2045.4500
2021-02-25 11:35:00,2046.2700
2021-02-25 11:30:00,2043.5500
2021-02-25 11:25:00,2046.9300
2021-02-25 11:20:00,2051.3500
2021-02-25 11:15:00,2051.0524
2021-02-25 11:10:00,2054.5900
2021-02-25 11:05:00,2053.6100
2021-02-25 11:00:00,2055.0000
2021-02-25 10:55:00,2047.5300
2021-02-25 10:50:00,2044.6850
2021-02-25 10:45:00,2048.4341
2021-02-25 10:40:00,2051.0800
2021-02-25 10:35:00,2053.5400
2021-02-25 10:30:00,2055.0150
2021-02-25 10:25:00,2057.8000
2021-02-25 10:20:00,2056.4800
2021-02-25 10:15:00,2052.1700
2021-02-25 10:10:00,2056.1900
2021-02-25 10:05:00,2060.2000
2021-02-25 10:00:00,2067.4300
2021-02-25 09:55:00,2066.9850
2021-02-25 09:50:00,2066.9600
2021-02-25 09:45:00,2072.0400
2021-02-25 09:40:00,2070.0700
2021-02-25 09:35:00,2074.2300
2021-02-25 09:30:00,2056.0600
2021-02-25 09:20:00,2062.0000
2021-02-25 08:20:00,2065.0000
2021-02-25 08:05:00,2064.2500
2021-02-25 07:25:00,2070.0000
2021-02-25 07:10:00,2066.0000
2021-02-25 06:25:00,2070.0100
2021-02-24 19:20:00,2086.2500
2021-02-24 18:50:00,2088.7900
2021-02-24 18:10:00,2083.4400
2021-02-24 17:50:00,2080.0000
2021-02-24 17:30:00,2083.8101
2021-02-24 16:50:00,2084.5000
2021-02-24 16:15:00,2083.8100
2021-02-24 16:05:00,2083.8100
2021-02-24 16:00:00,2084.2500
2021-02-24 15:55:00,2084.9700
2021-02-24 15:50:00,2081.4000
2021-02-24 15:45:00,2082.2100
2021-02-24 15:40:00,2087.9300
2021-02-24 15:35:00,2086.2500
2021-02-24 15:30:00,2086.5600
2021-02-24 15:25:00,2082.0350
2021-02-24 15:20:00,2079.7400
2021-02-24 15:15:00,2084.0700
2021-02-24 15:10:00,2079.0700
2021-02-24 15:05:00,2078.8900
2021-02-24 15:00:00,2079.1200
2021-02-24 14:55:00,2077.4500
2021-02-24 14:50:00,2076.2000
2021-02-24 14:45:00,2078.1800
2021-02-24 14:40:00,2076.7900
2021-02-24 14:35:00,2076.1150
2021-02-24 14:30:00,2075.0290
2021-02-24 14:25:00,2073.0800
2021-02-24 14:20:00,2073.0750
2021-02-24 14:15:00,2073.6100
2021-02-24 14:10:00,2074.3800
2021-02-24 14:05:00,2077.7800
2021-02-24 14:00:00,2078.5650
2021-02-24 13:55:00,2077.6700
2021-02-24 13:50:00,2078.9900
2021-02-24 13:45:00,2080.0700
2021-02-24 13:40:00,2078.9000
2021-02-24 13:35:00,2078.7300
2021-02-24 13:30:00,2072.9500
2021-02-24 13:25:00,2075.5400
2021-02-24 13:20:00,2072.7200
2021-02-24 13:15:00,2076.3900
2021-02-24 13:10:00,2069.5100
2021-02-24 13:05:00,2065.5107
2021-02-24 13:00:00,2070.3825
2021-02-24 12:55:00,2074.0600
2021-02-24 12:50:00,2075.0000
2021-02-24 12:45:00,2074.7950
2021-02-24 12:40:00,2076.9200
2021-02-24 12:35:00,2080.6900
2021-02-24 12:30:00,2077.9400
2021-02-24 12:25:00,2076.9300
2021-02-24 12:20:00,2073.8600
2021-02-24 12:15:00,2069.5200
2021-02-24 12:10:00,2066.0601
2021-02-24 12:05:00,2066.8000
2021-02-24 12:00:00,2060.6700
2021-02-24 11:55:00,2061.8500
2021-02-24 11:50:00,2059.9150
2021-02-24 11:45:00,2053.1400
2021-02-24 11:40:00,2057.6700
2021-02-24 11:35:00,2056.3300
2021-02-24 11:30:00,2055.8400
2021-02-24 11:25:00,2060.6800
2021-02-24 11:20:00,2056.7600
2021-02-24 11:15:00,2059.1900
2021-02-24 11:10:00,2053.6700
2021-02-24 11:05:00,2052.5200
2021-02-24 11:00:00,2057.3150
2021-02-24 10:55:00,2052.5300
2021-02-24 10:50:00,2052.6000
2021-02-24 10:45:00,2052.5599
2021-02-24 10:40:00,2049.8800
2021-02-24 10:35:00,2051.4200
2021-02-24 10:30:00,2047.7500
2021-02-24 10:25:00,2046.8600
2021-02-24 10:20:00,2042.0700
2021-02-24 10:15:00,2035.5900
2021-02-24 10:10:00,2033.6200
2021-02-24 10:05:00,2033.9000
2021-02-24 10:00:00,2040.5000
2021-02-24 09:55:00,2037.9200
2021-02-24 09:50:00,2047.4000
2021-02-24 09:45:00,2033.8980
2021-02-24 09:40:00,2041.7700
2021-02-24 09:35:00,2045.6700
2021-02-24 09:30:00,2033.6700
2021-02-24 09:10:00,2048.0000
2021-02-24 09:05:00,2038.2800
2021-02-24 09:00:00,2041.0000
2021-02-24 08:45:00,2056.1600
2021-02-24 08:35:00,2060.0000
2021-02-24 08:10:00,2072.0000
2021-02-24 08:05:00,2066.9999
2021-02-23 18:55:00,2058.9900
2021-02-23 17:35:00,2054.0000
2021-02-23 16:45:00,2055.0000
2021-02-23 16:25:00,2055.0000
2021-02-23 16:15:00,2060.1200
2021-02-23 16:05:00,2060.1200
2021-02-23 16:00:00,2059.6900
2021-02-23 15:55:00,2058.9000
2021-02-23 15:50:00,2063.5900
2021-02-23 15:45:00,2060.2800
2021-02-23 15:40:00,2066.9800
2021-02-23 15:35:00,2063.4480
2021-02-23 15:30:00,2068.5700
2021-02-23 15:25:00,2064.5600
2021-02-23 15:20:00,2061.7600
2021-02-23 15:15:00,2057.2560
2021-02-23 15:10:00,2055.5600
2021-02-23 15:05:00,2049.7780
2021-02-23 15:00:00,2046.9400
2021-02-23 14:55:00,2043.6700
2021-02-23 14:50:00,2042.3294
2021-02-23 14:45:00,2038.4444
2021-02-23 14:40:00,2032.9500
2021-02-23 14:35:00,2034.7950
2021-02-23 14:30:00,2042.4900
2021-02-23 14:25:00,2042.0000
2021-02-23 14:20:00,2032.3700
2021-02-23 14:15:00,2037.1500
2021-02-23 14:10:00,2037.7000
2021-02-23 14:05:00,2037.5500
2021-02-23 14:00:00,2037.3100
2021-02-23 13:55:00,2034.0850
2021-02-23 13:50:00,2032.6600
2021-02-23 13:45:00,2035.8800
2021-02-23 13:40:00,2038.1200
2021-02-23 13:35:00,2036.2200
2021-02-23 13:30:00,2035.7050
2021-02-23 13:25:00,2034.1200
2021-02-23 13:20:00,2033.4400
2021-02-23 13:15:00,2030.5000
2021-02-23 13:10:00,2027.1400
2021-02-23 13:05:00,2026.9300
2021-02-23 13:00:00,2017.1350
2021-02-23 12:55:00,2025.1500
2021-02-23 12:50:00,2018.4500
2021-02-23 12:45:00,2020.1100
2021-02-23 12:40:00,2026.9700
2021-02-23 12:35:00,2038.4100
2021-02-23 12:30:00,2041.1850
2021-02-23 12:25:00,2038.6500
2021-02-23 12:20:00,2039.9200
2021-02-23 12:15:00,2032.1000
2021-02-23 12:10:00,2031.9900
2021-02-23 12:05:00,2036.1900
2021-02-23 12:00:00,2036.7000
2021-02-23 11:55:00,2042.1300
2021-02-23 11:50:00,2036.0000
2021-02-23 11:45:00,2035.9400
2021-02-23 11:40:00,2038.4200
2021-02-23 11:35:00,2047.8699
2021-02-23 11:30:00,2038.3600
2021-02-23 11:25:00,2040.3400
2021-02-23 11:20:00,2040.6900
2021-02-23 11:15:00,2045.8800
2021-02-23 11:10:00,2040.7948
2021-02-23 11:05:00,2054.3900
2021-02-23 11:00:00,2049.6800
2021-02-23 10:55:00,2053.9250
2021-02-23 10:50:00,2055.7500
2021-02-23 10:45:00,2035.3500
2021-02-23 10:40:00,2035.4000
2021-02-23 10:35:00,2026.7900
2021-02-23 10:30:00,2027.2200
2021-02-23 10:25:00,2029.4700
2021-02-23 10:20:00,2023.2000
2021-02-23 10:15:00,2011.3800
2021-02-23 10:10:00,2018.4200
2021-02-23 10:05:00,2018.7550
2021-02-23 10:00:00,2005.7800
2021-02-23 09:55:00,2005.2200
2021-02-23 09:50:00,1996.4000
2021-02-23 09:45:00,2005.3800
2021-02-23 09:40:00,2003.9800
2021-02-23 09:35:00,2015.0150
2021-02-23 09:30:00,2015.3600
2021-02-23 09:20:00,2014.0000
2021-02-23 09:00:00,2020.0000
2021-02-23 08:40:00,2015.0300
2021-02-23 08:25:00,2015.6000
2021-02-23 08:10:00,2023.2000
2021-02-23 08:05:00,2033.0000
2021-02-23 08:00:00,2027.9900
2021-02-23 07:50:00,2027.0000
2021-02-23 05:45:00,2019.9100
2021-02-23 05:40:00,2011.9800
2021-02-23 04:30:00,2038.3700
2021-02-22 19:30:00,2049.3800
2021-02-22 19:25:00,2049.9000
2021-02-22 16:25:00,2052.7000
2021-02-22 16:20:00,2054.2600
2021-02-22 16:05:00,2053.4400
2021-02-22 16:00:00,2054.1300
2021-02-22 15:55:00,2057.6400
2021-02-22 15:50:00,2060.7300
2021-02-22 15:45:00,2058.7900
2021-02-22 15:40:00,2057.6400
2021-02-22 15:35:00,2058.5001
2021-02-22 15:30:00,2059.5100
2021-02-22 15:25:00,2061.6400
2021-02-22 15:20:00,2062.4750
2021-02-22 15:15:00,2058.9800
2021-02-22 15:10:00,2061.6400
2021-02-22 15:05:00,2062.5300
2021-02-22 15:00:00,2066.6400
2021-02-22 14:55:00,2063.1650
2021-02-22 14:50:00,2066.6879
2021-02-22 14:45:00,2068.1000
2021-02-22 14:40:00,2067.1200
2021-02-22 14:35:00,2069.4700
2021-02-22 14:30:00,2070.0943
2021-02-22 14:25:00,2070.4000
2021-02-22 14:20:00,2072.1692
2021-02-22 14:15:00,2069.2700
2021-02-22 14:10:00,2074.2432
2021-02-22 14:05:00,2069.9300
2021-02-22 14:00:00,2075.0200
2021-02-22 13:55:00,2077.1000
2021-02-22 13:50:00,2073.0700
2021-02-22 13:45:00,2074.4550
2021-02-22 13:40:00,2072.8900
2021-02-22 13:35:00,2072.8450
2021-02-22 13:30:00,2073.9400
2021-02-22 13:25:00,2067.0000
2021-02-22 13:20:00,2065.8200
2021-02-22 13:15:00,2068.4591
2021-02-22 13:10:00,2063.8200
2021-02-22 13:05:00,2063.6150
2021-02-22 13:00:00,2067.0500
2021-02-22 12:55:00,2067.3000
2021-02-22 12:50:00,2065.8200
2021-02-22 12:45:00,2064.1500
2021-02-22 12:40:00,2062.2900
2021-02-22 12:35:00,2063.7450
2021-02-22 12:30:00,2060.5800
2021-02-22 12:25:00,2059.7500
2021-02-22 12:20:00,2063.7065
2021-02-22 12:15:00,2062.1200
2021-02-22 12:10:00,2062.5000
2021-02-22 12:05:00,2066.1000
2021-02-22 12:00:00,2067.2500
2021-02-22 11:55:00,2065.2200
2021-02-22 11:50:00,2063.8500
2021-02-22 11:45:00,2070.0900
2021-02-22 11:40:00,2068.7100
2021-02-22 11:35:00,2064.7050
2021-02-22 11:30:00,2068.0300
2021-02-22 11:25:00,2067.0600
2021-02-22 11:20:00,2065.2300
2021-02-22 11:15:00,2061.0900
2021-02-22 11:10:00,2057.3700
2021-02-22 11:05:00,2054.9450
2021-02-22 11:00:00,2059.6800
2021-02-22 10:55:00,2057.8200
2021-02-22 10:50:00,2063.9700
2021-02-22 10:45:00,2064.9700
2021-02-22 10:40:00,2061.6100
2021-02-22 10:35:00,2060.6200
2021-02-22 10:30:00,2063.7700
2021-02-22 10:25:00,2062.7300
2021-02-22 10:20:00,2063.6300
2021-02-22 10:15:00,2070.5200
2021-02-22 10:10:00,2069.9500
2021-02-22 10:05:00,2074.5500
2021-02-22 10:00:00,2072.0000
2021-02-22 09:55:00,2070.5600
2021-02-22 09:50:00,2075.2239
2021-02-22 09:45:00,2063.6500
2021-02-22 09:40:00,2062.0400
2021-02-22 09:35:00,2055.3499
2021-02-22 09:30:00,2052.2100
2021-02-22 09:20:00,2062.0000
2021-02-22 09:15:00,2064.0000
2021-02-22 09:00:00,2065.2500
2021-02-22 08:50:00,2067.9958
2021-02-22 08:45:00,2063.0000
2021-02-22 08:30:00,2065.9400
2021-02-22 08:20:00,2058.0000
2021-02-22 08:05:00,2061.8500
2021-02-22 07:45:00,2060.0000
2021-02-22 05:05:00,2065.1000
2021-02-22 04:40:00,2054.2100
2021-02-22 04:10:00,2050.0000
2021-02-19 16:45:00,2085.1700
2021-02-19 16:30:00,2088.8100
2021-02-19 16:25:00,2088.0000
2021-02-19 16:15:00,2088.8000
2021-02-19 16:10:00,2088.8100
2021-02-19 16:05:00,2088.8100
2021-02-19 16:00:00,2087.4200
2021-02-19 15:55:00,2085.3900
2021-02-19 15:50:00,2092.9000
2021-02-19 15:45:00,2091.0100
2021-02-19 15:40:00,2097.8300
2021-02-19 15:35:00,2093.1550
2021-02-19 15:30:00,2095.8100
2021-02-19 15:25:00,2092.6267
2021-02-19 15:20:00,2095.0350
2021-02-19 15:15:00,2093.9150
2021-02-19 15:10:00,2095.6950
2021-02-19 15:05:00,2094.7000
2021-02-19 15:00:00,2097.2100
2021-02-19 14:55:00,2095.1500
2021-02-19 14:50:00,2097.7499
2021-02-19 14:45:00,2097.3800
2021-02-19 14:40:00,2092.2150
2021-02-19 14:35:00,2093.2325
2021-02-19 14:30:00,2091.3750
2021-02-19 14:25:00,2091.0321
2021-02-19 14:20:00,2094.7000
2021-02-19 14:15:00,2091.5500
2021-02-19 14:10:00,2093.5500
2021-02-19 14:05:00,2093.6600
2021-02-19 14:00:00,2095.1300
2021-02-19 13:55:00,2094.9900
2021-02-19 13:50:00,2096.1200
2021-02-19 13:45:00,2096.4200
2021-02-19 13:40:00,2094.5900
2021-02-19 13:35:00,2090.8100
2021-02-19 13:30:00,2095.4400
2021-02-19 13:25:00,2095.5400
2021-02-19 13:20:00,2091.3750
2021-02-19 13:15:00,2090.0000
2021-02-19 13:10:00,2086.5100
2021-02-19 13:05:00,2091.4300
2021-02-19 13:00:00,2094.0500
2021-02-19 12:55:00,2088.1000
2021-02-19 12:50:00,2094.6800
2021-02-19 12:45:00,2096.1700
2021-02-19 12:40:00,2090.6850
2021-02-19 12:35:00,2092.3800
2021-02-19 12:30:00,2097.7000
2021-02-19 12:25:00,2099.3200
2021-02-19 12:20:00,2102.3871
2021-02-19 12:15:00,2106.7158
2021-02-19 12:10:00,2107.7950
2021-02-19 12:05:00,2107.9800
2021-02-19 12:00:00,2109.8600
2021-02-19 11:55:00,2110.6850
2021-02-19 11:50:00,2111.2399
2021-02-19 11:45:00,2113.6700
2021-02-19 11:40:00,2113.8450
2021-02-19 11:35:00,2112.6500
2021-02-19 11:30:00,2114.1718
2021-02-19 11:25:00,2116.4300
2021-02-19 11:20:00,2111.5300
2021-02-19 11:15:00,2110.8600
2021-02-19 11:10:00,2116.3200
2021-02-19 11:05:00,2116.9450
2021-02-19 11:00:00,2116.3800
2021-02-19 10:55:00,2114.1500
2021-02-19 10:50:00,2110.3576
2021-02-19 10:45:00,2114.2000
2021-02-19 10:40:00,2113.2800
2021-02-19 10:35:00,2114.0000
2021-02-19 10:30:00,2114.7000
2021-02-19 10:25:00,2114.6400
2021-02-19 10:20:00,2109.3200
2021-02-19 10:15:00,2109.0000
2021-02-19 10:10:00,2111.4200
2021-02-19 10:05:00,2113.7300
2021-02-19 10:00:00,2117.7500
2021-02-19 09:55:00,2114.9999
2021-02-19 09:50:00,2108.0000
2021-02-19 09:45:00,2104.1900
2021-02-19 09:40:00,2105.0100
2021-02-19 09:35:00,2100.0000
2021-02-19 09:30:00,2107.4000
2021-02-19 09:25:00,2117.5000
2021-02-19 09:15:00,2114.1000
2021-02-19 08:50:00,2116.0000
2021-02-19 08:45:00,2117.0000
2021-02-19 08:05:00,2113.5754
2021-02-18 18:55:00,2107.0000
2021-02-18 18:50:00,2107.0000
2021-02-18 18:45:00,2107.0000
2021-02-18 16:45:00,2109.0000
2021-02-18 16:15:00,2105.8100
2021-02-18 16:10:00,2106.7900
2021-02-18 16:05:00,2106.8000
2021-02-18 16:00:00,2105.6800
2021-02-18 15:55:00,2105.0800
2021-02-18 15:50:00,2115.8800
2021-02-18 15:45:00,2118.2300
2021-02-18 15:40:00,2116.5300
2021-02-18 15:35:00,2118.3500
2021-02-18 15:30:00,2119.1600
2021-02-18 15:25:00,2117.5600
2021-02-18 15:20:00,2119.2400
2021-02-18 15:15:00,2120.4800
2021-02-18 15:10:00,2120.0800
2021-02-18 15:05:00,2116.9900
2021-02-18 15:00:00,2116.6000
2021-02-18 14:55:00,2113.3900
2021-02-18 14:50:00,2111.4300
2021-02-18 14:45:00,2113.9300
2021-02-18 14:40:00,2114.8800
2021-02-18 14:35:00,2113.3800
2021-02-18 14:30:00,2107.4150
2021-02-18 14:25:00,2108.1600
2021-02-18 14:20:00,2106.5200
2021-02-18 14:15:00,2103.7900
2021-02-18 14:10:00,2103.6400
2021-02-18 14:05:00,2106.6400
2021-02-18 14:00:00,2105.0000
2021-02-18 13:55:00,2105.2900
2021-02-18 13:50:00,2106.5800
2021-02-18 13:45:00,2105.5800
2021-02-18 13:40:00,2106.3200
2021-02-18 13:35:00,2105.8800
2021-02-18 13:30:00,2106.4100
2021-02-18 13:25:00,2104.8000
2021-02-18 13:20:00,2101.6600
2021-02-18 13:15:00,2099.0300
2021-02-18 13:10:00,2099.2700
2021-02-18 13:05:00,2097.5600
2021-02-18 13:00:00,2101.0200
2021-02-18 12:55:00,2098.9900
2021-02-18 12:50:00,2101.0400
2021-02-18 12:45:00,2100.3300
2021-02-18 12:40:00,2099.8000
2021-02-18 12:35:00,2099.8800
2021-02-18 12:30:00,2104.0100
2021-02-18 12:25:00,2101.9400
2021-02-18 12:20:00,2100.4700
2021-02-18 12:15:00,2097.7900
2021-02-18 12:10:00,2096.2400
2021-02-18 12:05:00,2097.2300
2021-02-18 12:00:00,2100.3600
2021-02-18 11:55:00,2100.6900
2021-02-18 11:50:00,2100.0870
2021-02-18 11:45:00,2099.9600
2021-02-18 11:40:00,2099.0600
2021-02-18 11:35:00,2102.5000
2021-02-18 11:30:00,2101.0700
2021-02-18 11:25:00,2103.8400
2021-02-18 11:20:00,2102.9441
2021-02-18 11:15:00,2100.1100
2021-02-18 11:10:00,2099.3400
2021-02-18 11:05:00,2099.3800
2021-02-18 11:00:00,2101.7500
2021-02-18 10:55:00,2100.8400
2021-02-18 10:50:00,2100.7400
2021-02-18 10:45:00,2101.5000
2021-02-18 10:40:00,2102.9900
2021-02-18 10:35:00,2099.8200
2021-02-18 10:30:00,2100.0727
2021-02-18 10:25:00,2095.1500
2021-02-18 10:20:00,2099.1150
2021-02-18 10:15:00,2097.3292
2021-02-18 10:10:00,2097.2000
2021-02-18 10:05:00,2103.5600
2021-02-18 10:00:00,2102.1500
2021-02-18 09:55:00,2101.0000
2021-02-18 09:50:00,2102.6600
2021-02-18 09:45:00,2104.0400
2021-02-18 09:40:00,2098.5350
2021-02-18 09:35:00,2101.7750
2021-02-18 09:30:00,2104.1600
2021-02-18 08:45:00,2105.0000
2021-02-18 08:40:00,2105.1000
2021-02-18 08:35:00,2108.0000
2021-02-18 08:30:00,2108.0000
2021-02-18 08:05:00,2123.9160
2021-02-18 07:05:00,2109.0000
2021-02-17 16:20:00,2120.2800
2021-02-17 16:05:00,2118.6200
2021-02-17 16:00:00,2120.0400
2021-02-17 15:55:00,2116.2800
2021-02-17 15:50:00,2120.2100
2021-02-17 15:45:00,2118.2900
2021-02-17 15:40:00,2118.2000
2021-02-17 15:35:00,2116.2150
2021-02-17 15:30:00,2116.4500
2021-02-17 15:25:00,2117.7444
2021-02-17 15:20:00,2114.2825
2021-02-17 15:15:00,2114.2600
2021-02-17 15:10:00,2114.0900
2021-02-17 15:05:00,2114.3100
2021-02-17 15:00:00,2112.3800
2021-02-17 14:55:00,2111.7800
2021-02-17 14:50:00,2113.1800
2021-02-17 14:45:00,2113.9650
2021-02-17 14:40:00,2111.8400
2021-02-17 14:35:00,2109.8150
2021-02-17 14:30:00,2110.2800
2021-02-17 14:25:00,2112.3800
2021-02-17 14:20:00,2114.4700
2021-02-17 14:15:00,2116.7700
2021-02-17 14:10:00,2119.1400
2021-02-17 14:05:00,2118.5100
2021-02-17 14:00:00,2116.9800
2021-02-17 13:55:00,2119.2200
2021-02-17 13:50:00,2117.5900
2021-02-17 13:45:00,2119.8900
2021-02-17 13:40:00,2119.2800
2021-02-17 13:35:00,2119.0400
2021-02-17 13:30:00,2119.0350
2021-02-17 13:25:00,2118.8400
2021-02-17 13:20:00,2118.1500
2021-02-17 13:15:00,2118.0400
2021-02-17 13:10:00,2121.5000
2021-02-17 13:05:00,2118.2500
2021-02-17 13:00:00,2118.0000
2021-02-17 12:55:00,2117.1300
2021-02-17 12:50:00,2117.9600
2021-02-17 12:45:00,2112.0000
2021-02-17 12:40:00,2115.2500
2021-02-17 12:35:00,2116.5400
2021-02-17 12:30:00,2116.3600
2021-02-17 12:25:00,2112.7800
2021-02-17 12:20:00,2113.0000
2021-02-17 12:15:00,2110.0000
2021-02-17 12:10:00,2112.3100
2021-02-17 12:05:00,2112.0000
2021-02-17 12:00:00,2107.6404
2021-02-17 11:55:00,2110.5040
2021-02-17 11:50:00,2108.3050
2021-02-17 11:45:00,2103.2800
2021-02-17 11:40:00,2099.9073
2021-02-17 11:35:00,2103.7000
2021-02-17 11:30:00,2105.0000
2021-02-17 11:25:00,2107.0000
2021-02-17 11:20:00,2102.6350
2021-02-17 11:15:00,2105.0901
2021-02-17 11:10:00,2110.6500
2021-02-17 11:05:00,2109.0650
2021-02-17 11:00:00,2115.1950
2021-02-17 10:55:00,2109.5650
2021-02-17 10:50:00,2106.2500
2021-02-17 10:45:00,2099.2700
2021-02-17 10:40:00,2102.2300
2021-02-17 10:35:00,2098.0800
2021-02-17 10:30:00,2101.9950
2021-02-17 10:25:00,2100.8900
2021-02-17 10:20:00,2105.4000
2021-02-17 10:15:00,2104.6750
2021-02-17 10:10:00,2110.3950
2021-02-17 10:05:00,2107.3700
2021-02-17 10:00:00,2109.1000
2021-02-17 09:55:00,2107.8100
2021-02-17 09:50:00,2107.3700
2021-02-17 09:45:00,2107.4200
2021-02-17 09:40:00,2109.4900
2021-02-17 09:35:00,2101.2300
2021-02-17 09:30:00,2092.0000
2021-02-17 09:20:00,2090.0000
2021-02-17 09:15:00,2090.0233
2021-02-17 09:10:00,2095.0000
2021-02-17 08:55:00,2101.0100
2021-02-17 08:50:00,2104.0100
2021-02-17 08:35:00,2105.7000
2021-02-17 08:20:00,2107.5000
2021-02-17 08:00:00,2111.0000
2021-02-17 07:15:00,2112.0000
2021-02-17 04:55:00,2110.0200
2021-02-16 20:00:00,2110.6000
2021-02-16 17:05:00,2110.7000
2021-02-16 16:10:00,2110.7000
2021-02-16 16:05:00,2110.7000
2021-02-16 16:00:00,2111.1400
2021-02-16 15:55:00,2114.5200
2021-02-16 15:50:00,2108.9800
2021-02-16 15:45:00,2112.7300
2021-02-16 15:40:00,2111.6900
2021-02-16 15:35:00,2110.3400
2021-02-16 15:30:00,2110.8800
2021-02-16 15:25:00,2111.0200
2021-02-16 15:20:00,2110.5450
2021-02-16 15:15:00,2113.3900
2021-02-16 15:10:00,2114.0000
2021-02-16 15:05:00,2113.5700
2021-02-16 15:00:00,2112.6400
2021-02-16 14:55:00,2114.0300
2021-02-16 14:50:00,2116.6800
2021-02-16 14:45:00,2117.8000
2021-02-16 14:40:00,2119.2950
2021-02-16 14:35:00,2121.1700
2021-02-16 14:30:00,2121.2150
2021-02-16 14:25:00,2120.2200
2021-02-16 14:20:00,2120.0700
2021-02-16 14:15:00,2120.2684
2021-02-16 14:10:00,2120.0000
2021-02-16 14:05:00,2119.9000
2021-02-16 14:00:00,2119.4350
2021-02-16 13:55:00,2119.8200
2021-02-16 13:50:00,2118.8700
2021-02-16 13:45:00,2120.4700
2021-02-16 13:40:00,2119.9100
2021-02-16 13:35:00,2121.1800
2021-02-16 13:30:00,2121.9500
2021-02-16 13:25:00,2122.5375
2021-02-16 13:20:00,2121.3500
2021-02-16 13:15:00,2125.0000
2021-02-16 13:10:00,2125.5976
2021-02-16 13:05:00,2130.8300
2021-02-16 13:00:00,2124.8800
2021-02-16 12:55:00,2123.0000
2021-02-16 12:50:00,2121.8352
2021-02-16 12:45:00,2121.9100
2021-02-16 12:40:00,2122.5300
2021-02-16 12:35:00,2125.9600
2021-02-16 12:30:00,2126.8500
2021-02-16 12:25:00,2127.6800
2021-02-16 12:20:00,2117.7900
2021-02-16 12:15:00,2121.8250
2021-02-16 12:10:00,2114.3500
2021-02-16 12:05:00,2123.0650
2021-02-16 12:00:00,2119.7100
2021-02-16 11:55:00,2119.9900
2021-02-16 11:50:00,2120.8500
2021-02-16 11:45:00,2127.2200
2021-02-16 11:40:00,2126.3557
2021-02-16 11:35:00,2125.9000
2021-02-16 11:30:00,2123.1900
2021-02-16 11:25:00,2127.2900
2021-02-16 11:20:00,2131.3670
2021-02-16 11:15:00,2129.0900
2021-02-16 11:10:00,2124.5600
2021-02-16 11:05:00,2129.6800
2021-02-16 11:00:00,2132.3100
2021-02-16 10:55:00,2132.1600
2021-02-16 10:50:00,2138.2700
2021-02-16 10:45:00,2138.6000
2021-02-16 10:40:00,2143.0194
2021-02-16 10:35:00,2138.8250
2021-02-16 10:30:00,2135.1900
2021-02-16 10:25:00,2134.0800
2021-02-16 10:20:00,2131.2800
2021-02-16 10:15:00,2124.0000
2021-02-16 10:10:00,2137.5600
2021-02-16 10:05:00,2129.7830
2021-02-16 10:00:00,2125.8350
2021-02-16 09:55:00,2125.5100
2021-02-16 09:50:00,2129.2699
2021-02-16 09:45:00,2125.4999
2021-02-16 09:40:00,2120.2800
2021-02-16 09:35:00,2118.2250
2021-02-16 09:30:00,2090.0200
2021-02-16 09:25:00,2105.0000
2021-02-16 09:20:00,2100.0300
2021-02-16 09:10:00,2100.0100
2021-02-16 09:05:00,2103.1000
2021-02-16 08:50:00,2106.5400
2021-02-16 08:35:00,2095.0300
2021-02-16 08:20:00,2107.0000
2021-02-16 08:15:00,2109.0000
2021-02-16 08:10:00,2107.0800
2021-02-16 08:05:00,2110.0907
2021-02-16 07:25:00,2108.0000
2021-02-16 07:05:00,2108.0000
2021-02-12 17:55:00,2094.0000
2021-02-12 16:55:00,2095.0600
2021-02-12 16:50:00,2095.0200
2021-02-12 16:45:00,2087.9600
2021-02-12 16:40:00,2095.1200
2021-02-12 16:35:00,2095.0300
2021-02-12 16:30:00,2097.0400
2021-02-12 16:25:00,2096.6400
2021-02-12 16:10:00,2095.0300
2021-02-12 16:05:00,2095.0300
2021-02-12 16:00:00,2095.7000
2021-02-12 15:55:00,2094.2700
2021-02-12 15:50:00,2096.4000
2021-02-12 15:45:00,2094.7100
2021-02-12 15:40:00,2093.3300
2021-02-12 15:35:00,2091.2350
2021-02-12 15:30:00,2092.5700
2021-02-12 15:25:00,2092.0900
2021-02-12 15:20:00,2090.7900
2021-02-12 15:15:00,2092.1800
2021-02-12 15:10:00,2093.0525
2021-02-12 15:05:00,2092.9550
2021-02-12 15:00:00,2094.0000
2021-02-12 14:55:00,2092.7200
2021-02-12 14:50:00,2089.9550
2021-02-12 14:45:00,2087.7400
2021-02-12 14:40:00,2088.3900
2021-02-12 14:35:00,2091.0300
2021-02-12 14:30:00,2090.0300
2021-02-12 14:25:00,2089.1400
2021-02-12 14:20:00,2087.4000
2021-02-12 14:15:00,2084.1750
2021-02-12 14:10:00,2085.8200
2021-02-12 14:05:00,2085.8450
2021-02-12 14:00:00,2086.8675
2021-02-12 13:55:00,2088.2750
2021-02-12 13:50:00,2090.0750
2021-02-12 13:45:00,2090.6573
2021-02-12 13:40:00,2088.8100
2021-02-12 13:35:00,2089.4500
2021-02-12 13:30:00,2088.4100
2021-02-12 13:25:00,2086.1000
2021-02-12 13:20:00,2084.8000
2021-02-12 13:15:00,2086.4950
2021-02-12 13:10:00,2088.6000
2021-02-12 13:05:00,2088.7050
2021-02-12 13:00:00,2087.1450
2021-02-12 12:55:00,2086.5250
2021-02-12 12:50:00,2085.7791
2021-02-12 12:45:00,2082.6404
2021-02-12 12:40:00,2083.3700
2021-02-12 12:35:00,2084.3500
2021-02-12 12:30:00,2085.1800
2021-02-12 12:25:00,2086.3900
2021-02-12 12:20:00,2086.2900
2021-02-12 12:15:00,2086.5300
2021-02-12 12:10:00,2086.5950
2021-02-12 12:05:00,2087.7100
2021-02-12 12:00:00,2085.3450
2021-02-12 11:55:00,2085.0900
2021-02-12 11:50:00,2080.9250
2021-02-12 11:45:00,2081.6250
2021-02-12 11:40:00,2084.0000
2021-02-12 11:35:00,2084.0200
2021-02-12 11:30:00,2085.8150
2021-02-12 11:25:00,2084.9600
2021-02-12 11:20:00,2084.7500
2021-02-12 11:15:00,2084.1600
2021-02-12 11:10:00,2085.5400
2021-02-12 11:05:00,2086.0700
2021-02-12 11:00:00,2086.5500
2021-02-12 10:55:00,2087.2600
2021-02-12 10:50:00,2087.0400
2021-02-12 10:45:00,2088.5600
2021-02-12 10:40:00,2087.8900
2021-02-12 10:35:00,2081.6000
2021-02-12 10:30:00,2086.6500
2021-02-12 10:25:00,2087.2200
2021-02-12 10:20:00,2081.4500
2021-02-12 10:15:00,2088.0200
2021-02-12 10:10:00,2088.7100
2021-02-12 10:05:00,2093.4600
2021-02-12 10:00:00,2089.3400
2021-02-12 09:55:00,2085.2300
2021-02-12 09:50:00,2083.2500
2021-02-12 09:45:00,2086.2600
2021-02-12 09:40:00,2085.0050
2021-02-12 09:35:00,2077.1200
2021-02-12 09:30:00,2081.0000
2021-02-12 08:50:00,2080.1000
2021-02-12 08:20:00,2082.0100
2021-02-12 08:15:00,2082.0100
2021-02-12 08:10:00,2082.0100
2021-02-12 08:05:00,2082.0100
2021-02-12 08:00:00,2082.0100
2021-02-12 07:20:00,2082.0000
